{"stats":{"minecraft:picked_up":{"minecraft:coarse_dirt":1,"minecraft:dirt":6},"minecraft:used":{"minecraft:dirt":1,"minecraft:coarse_dirt":1},"minecraft:custom":{"minecraft:jump":25,"minecraft:time_since_rest":5399,"minecraft:crouch_one_cm":104,"minecraft:leave_game":3,"minecraft:play_time":5399,"minecraft:sprint_one_cm":1476,"minecraft:damage_taken":40,"minecraft:time_since_death":5399,"minecraft:walk_one_cm":1916,"minecraft:sneak_time":51,"minecraft:total_world_time":5399,"minecraft:fall_one_cm":801,"minecraft:fly_one_cm":16804},"minecraft:mined":{"minecraft:coarse_dirt":1,"minecraft:powder_snow":1,"minecraft:dirt":6}},"DataVersion":3465}