{
  "minecraft:recipes/decorations/crafting_table": {
    "criteria": {
      "unlock_right_away": "2024-11-01 00:13:29 +0000"
    },
    "done": true
  },
  "minecraft:adventure/adventuring_time": {
    "criteria": {
      "minecraft:old_growth_pine_taiga": "2024-11-01 00:13:30 +0000",
      "minecraft:grove": "2024-11-01 00:13:59 +0000",
      "minecraft:frozen_peaks": "2024-11-01 00:21:49 +0000",
      "minecraft:meadow": "2024-11-01 00:13:57 +0000"
    },
    "done": false
  },
  "DataVersion": 3465
}